-- MySQL dump 10.13  Distrib 8.0.31, for macos12.6 (arm64)
--
-- Host: localhost    Database: Mula
-- ------------------------------------------------------
-- Server version	8.0.31

/*!40101 SET @OLD_CHARACTER_SET_CLIENT=@@CHARACTER_SET_CLIENT */;
/*!40101 SET @OLD_CHARACTER_SET_RESULTS=@@CHARACTER_SET_RESULTS */;
/*!40101 SET @OLD_COLLATION_CONNECTION=@@COLLATION_CONNECTION */;
/*!50503 SET NAMES utf8mb4 */;
/*!40103 SET @OLD_TIME_ZONE=@@TIME_ZONE */;
/*!40103 SET TIME_ZONE='+00:00' */;
/*!40014 SET @OLD_UNIQUE_CHECKS=@@UNIQUE_CHECKS, UNIQUE_CHECKS=0 */;
/*!40014 SET @OLD_FOREIGN_KEY_CHECKS=@@FOREIGN_KEY_CHECKS, FOREIGN_KEY_CHECKS=0 */;
/*!40101 SET @OLD_SQL_MODE=@@SQL_MODE, SQL_MODE='NO_AUTO_VALUE_ON_ZERO' */;
/*!40111 SET @OLD_SQL_NOTES=@@SQL_NOTES, SQL_NOTES=0 */;

--
-- Table structure for table `hibernate_sequence`
--

DROP TABLE IF EXISTS `hibernate_sequence`;
/*!40101 SET @saved_cs_client     = @@character_set_client */;
/*!50503 SET character_set_client = utf8mb4 */;
CREATE TABLE `hibernate_sequence` (
  `next_val` bigint DEFAULT NULL
) ENGINE=InnoDB DEFAULT CHARSET=utf8mb4 COLLATE=utf8mb4_0900_ai_ci;
/*!40101 SET character_set_client = @saved_cs_client */;

--
-- Dumping data for table `hibernate_sequence`
--

LOCK TABLES `hibernate_sequence` WRITE;
/*!40000 ALTER TABLE `hibernate_sequence` DISABLE KEYS */;
INSERT INTO `hibernate_sequence` VALUES (2);
/*!40000 ALTER TABLE `hibernate_sequence` ENABLE KEYS */;
UNLOCK TABLES;

--
-- Table structure for table `question`
--

DROP TABLE IF EXISTS `question`;
/*!40101 SET @saved_cs_client     = @@character_set_client */;
/*!50503 SET character_set_client = utf8mb4 */;
CREATE TABLE `question` (
  `id` int NOT NULL AUTO_INCREMENT,
  `created_at` timestamp NOT NULL DEFAULT CURRENT_TIMESTAMP,
  `deleted_at` timestamp NULL DEFAULT NULL,
  `question_snippet` text,
  `diagram` char(255) DEFAULT NULL,
  PRIMARY KEY (`id`)
) ENGINE=InnoDB AUTO_INCREMENT=49 DEFAULT CHARSET=utf8mb4 COLLATE=utf8mb4_0900_ai_ci;
/*!40101 SET character_set_client = @saved_cs_client */;

--
-- Dumping data for table `question`
--

LOCK TABLES `question` WRITE;
/*!40000 ALTER TABLE `question` DISABLE KEYS */;
INSERT INTO `question` VALUES (1,'2022-12-18 19:55:09',NULL,'The expression $$\\frac{22+20}{2}$$ is equal to:',''),(2,'2022-12-18 19:55:09',NULL,'The graph to the right shows the amount of money each of the four students donated to a school fundraiser. The total amount of money that they donated was','71660159-292e-4daf-ad7e-db71af54c06b'),(3,'2022-12-18 19:55:09',NULL,'The value of $$\\frac{1}{2} + \\frac{2}{4} + \\frac{4}{8} + \\frac{8}{16}$$ is',''),(4,'2022-12-18 19:55:09',NULL,'Which of the following numbers is closest to −3.4?',''),(5,'2022-12-18 19:55:09',NULL,'Points P, Q, R, and S are on a number line, as shown. The ratio of lengths P R : QS is:','f638823c-0087-4533-b740-e8a02c25b30e'),(6,'2022-12-20 04:44:06',NULL,'Robyn has 4 tasks to do and Sasha has 14 tasks to do. In order for Robyn and Sasha to do the same number of tasks, how many of Sasha’s tasks should Robyn do?',''),(7,'2022-12-20 04:46:15',NULL,'In the diagram, the lengths of four of the sides of the figure are shown in terms of $x$. Assuming that $x \\neq 0$, the perimeter of the figure is','fb52c0fc-bbfa-4a41-ad05-8b4704b4dc84'),(8,'2022-12-20 04:49:18',NULL,'A circular spinner is divided into $4$ sections, as shown. The angles at the center of the circle in the sections labeled Green and Blue each measure $90\\degree$. An arrow is attached to the centre of the spinner. The arrow is spun once. What is the probability that the arrow lands on either Red or Yellow?','0ec3deb5-6e57-4e2c-a9f5-bad0c6ce17a9'),(9,'2022-12-20 04:51:12',NULL,'The line with equation $y = 2x + b$ passes through the point $(−4, 0)$. The value of $b$ is',''),(10,'2022-12-25 20:08:07',NULL,'On the map shown, there are a number of routes from Mathville to Algebratown. Each route must travel along the roads in the direction marked by the arrows. The total number of routes from Mathville to Algebratown is\n','a45171d0-53f5-4f61-b4b8-2c5b606e2458'),(11,'2022-12-30 04:46:40',NULL,'In the diagram, points $P, Q, R,$ and $S$ are at intersections of gridlines in a $6 × 6$ grid. What is the perimeter of the parallelogram $PQRS$?','5b1b0372-8fc8-4c33-9622-ffc282610030'),(12,'2022-12-30 04:56:51',NULL,'How many of the integers from $1$ to $100$, inclusive, have at least one digit equal to $6$?',''),(13,'2022-12-30 05:03:26',NULL,'Mayar and Rosie are $90$ metres apart. Starting at the same time, they run towards each other. Mayar runs twice as fast as Rosie. How far has Mayar run when they meet?',''),(14,'2022-12-30 05:12:21',NULL,'Dhruv is older than Bev. Bev is older than Elcim. Elcim is younger than Andy. Andy is younger than Bev. Bev is younger than Cao. Who is the third oldest?',''),(15,'2022-12-30 05:17:02',NULL,'How many of the integers $19, 21, 23, 25, 27$ can be expressed as the sum of two prime numbers?',''),(16,'2022-12-30 05:30:18',NULL,'Alvin, Bingyi, and Cheska play a two-player game that never ends in a tie. In a recent tournament between the three players, a total of 60 games were played and each pair of players played the same number of games.\n\n• When Alvin and Bingyi played, Alvin won 20% of the games.\\\n• When Bingyi and Cheska played, Bingyi won 60% of the games. \\\n• When Cheska and Alvin played, Cheska won 40% of the games.\n\n\nHow many games did Bingyi win?',''),(17,'2022-12-30 05:39:44',NULL,'The integers $a, b$ and $c$ satisfy the equations $a+5 = b$ and $5+b = c$ and $b+c = a$. The value of $b$ is:',''),(18,'2022-12-30 05:52:40',NULL,'Five balls numbered $1$ to $5$, are placed in order on a table. A sequence of steps is performed on the balls. In step 1, the rightmost ball is picked up and put in the middle of the four remaining balls. (The remaining balls are shifted to make room for the inserted ball.) Then in step 2, the leftmost ball is picked up and put in the middle of the four remaining balls. These steps repeat, with the rightmost and leftmost balls alternately picked up and put in the middle of the four remaining balls. Immediately after step $N$, the balls are in the reverse of their original order. Which of the following is a possible value of $N$?','f1f57e4e-f063-40bf-8b44-95001919883d'),(19,'2022-12-30 06:06:37',NULL,'Miyuki texted a six-digit integer to Greer. Two of the digits of the six-digit integer were $3$s. Unfortunately, the two $3$s that Miyuki texted did not appear and Greer instead received the four-digit integer $2022$. The number of possible six-digit integers that Miyuki could have texted is\n',''),(20,'2022-12-30 06:23:36',NULL,'A pizza is cut into $10$ pieces. Two of the pieces are each $\\frac{1}{24}$ of the whole pizza, four $\\frac{1}{12}$ are each $1$, two are each $\\frac{1}{8}$, and two are each $\\frac{1}{6}$. A group of $n$ friends shares the pizza by distributing all of these pieces. They do not cut any of these pieces. Each of the $n$ friends receives, in total, an equal fraction of the whole pizza. The sum of the values of n with $2≤n≤10$ for which this is not possible is:\n',''),(21,'2022-12-30 06:37:43',NULL,'A $5$ cm by $5$ cm pegboard and a $10$ cm by $10$ cm pegboard each have holes at the intersection of invisible horizontal and vertical lines that occur in $1$ cm intervals from each edge. Pegs are placed into the holes on the two main diagonals of both pegboards. The $5$ cm by $5$ cm pegboard is shown; it has $16$ holes. The $8$ shaded holes have pegs, and the $8$ unshaded holes do not. How many empty holes does the $10$ cm by $10$ cm pegboard have?','6637c62c-99dc-4a67-9fc9-7a3c3df4e639'),(22,'2022-12-30 07:03:35',NULL,'What is the integer formed by the rightmost two digits of the integer equal to $4^{127} + 5^{129} + 7^{131}$?',''),(23,'2022-12-30 07:52:02',NULL,'In the diagram, two circles are centered at $O$. The smaller circle has a radius of $1$ and the larger circle has a radius of $3$. Points $P$ and $Q$ are placed on the larger circle so that the areas of the two shaded regions are equal. If $∠POQ = x◦$, what is the value of $x$?','435d88ae-e992-42ce-b7b0-a3ae630ba5bf'),(24,'2022-12-30 08:02:17',NULL,'A Pretti number is a seven-digit positive integer with the following properties:\n\n- The integer formed by its leftmost three digits is a perfect square. \n- The integer formed by its rightmost four digits is a perfect cube. \n- Its ten thousand digit and ones (units) digit are equal.\n- Its thousand digit is not zero.\n\nHow many Pretti numbers are there?',''),(25,'2022-12-30 08:11:12',NULL,'A hexagonal prism has a height of $165$ cm. Its two hexagonal faces are regular hexagons with sides of length\n$30$ cm. Its other six faces are rectangles. A fly and an\nant start at point $X$ on the bottom face and travel to\npoint $Y$ on the top face. The fly flies directly along the shortest route through the prism. The ant crawls around\nthe outside of the prism along a path of the constant slope\nso that it winds around the prism exactly $n + 12$ times,\nfor some positive integer $n$. The distance crawled by the ant is more than $20$ times the distance flown by the fly.\nWhat is the smallest possible value of $n$?','efacdc53-30e3-477d-9af5-74fc963cc0f6'),(26,'2022-12-31 02:17:27',NULL,'Point $Q$ is on a line segment between $P$ and $R$, as shown.\nIf $PR = 12$ and $PQ = 3$, what is the length of $QR$ ','753164f3-1b93-4dac-abc4-014ec3c9d94d'),(27,'2022-12-31 06:28:24',NULL,'What number should be placed in the $?$ to make the equation $\\frac{1}{2} = \\frac{?}{8}$ true?',''),(28,'2022-12-31 06:32:59',NULL,'Elena earns $13.25 per hour working at a store. How much does Elena earn in 4 hours',''),(29,'2022-12-31 06:37:53',NULL,'In the diagram, squares of side length 1 meet each other\nat their vertices. The perimeter of the figure is','191fd97f-5f30-490f-aff2-990576d456e0'),(30,'2022-12-31 06:43:14',NULL,'Wesley is a professional runner. He ran five laps around a track. His times for the five laps were $63$ seconds, $1$ minute, $1.5$ minutes, $68$ seconds, and $57$ seconds. What is the median of these times?',''),(31,'2022-12-31 06:50:21',NULL,'A rectangle has a length of $13$ and a width of $10$. The length and the width of the rectangle are each increased by $2$. By how much does the area of the rectangle increase?',''),(32,'2022-12-31 06:59:55',NULL,'Which of the following is equal to $110\\%$ of $500$\n',''),(33,'2022-12-31 07:04:24',NULL,'An integer $n$ is decreased by $2$ and then multiplied by $5$. If the result is $85$, the value\nof $n$ is',''),(34,'2022-12-31 07:09:29',NULL,'The two equal-arm scales shown are balanced. Which of the following has the same mass as 4 circles?','391115f9-e686-4471-b975-64ba3eb80536'),(35,'2022-12-31 07:15:12',NULL,'How many integers between 100 and 300 are multiples of both 5 and 7, but are not multiples of 10',''),(36,'2022-12-31 07:26:35',NULL,'If $a$ and $b$ are positive integers, the operation $∇$ is defined by $a∇b = a^b × b^a$. What is the value of $2∇3$?',''),(37,'2022-12-31 07:35:01',NULL,'In the diagram, $△PQR$ is right-angled at $Q$ and has $∠QP R = 54◦$. Also, point $S$ lies on $P Q$ such that $∠PRS = ∠QRS$. What is the measure of $∠RSQ$?','9251fa86-84d0-4786-9928-8c2f6e1e17ac'),(38,'2022-12-31 07:45:05',NULL,'Since $m+1=\\frac{n−2}{3}$, what is the value of $3m−n$',''),(39,'2022-12-31 07:54:52',NULL,'A robot is placed on the grid shown. The robot starts on square $25$, initially facing square $32$. The robot (i) moves $2$ squares forward in the direction that it is facing, (ii) rotates clockwise $90◦$, and (iii) moves $1$ square forward in the new direction. Thus, the robot moves to square $39$, then turn to face square $38$, then moves to square $38$. The robot repeats the sequence of moves (i), (ii), and (iii) two more times. Given that the robot never leaves the grid, on which square does it finish?\n','5069382a-e21c-45de-94d7-1a7541214b35'),(40,'2022-12-31 22:41:47',NULL,'Nate has a grid made of shaded and unshaded $2$ cm by\n$2$ cm squares, as shown. He randomly places a circle with\na diameter of $3$ cm on the board so that the centre of the\ncircle is at the meeting point of four squares. What is the\nprobability that he places the disk so that it is touching\nan equal number of shaded and unshaded squares?','05b35a72-f81d-4205-9813-e39f4c8a2449'),(41,'2022-12-31 23:00:58',NULL,'The integer $m$ is a perfect cube exactly when it is equal to $n^3$\nfor some integer $n$.\nFor example, $1000$ is a perfect cube since $1000 = 10^3$\n. What is the smallest positive\ninteger $k$ for which the integer $2^4 × 3^2 × 5^5 × k$ is a perfect cube',''),(42,'2023-01-01 00:01:16',NULL,'In the diagram, Paths $1$, $2$ and $3$ are drawn on a grid. \nPaths $1$ and $3$ consist entirely of straight line segments. Path $2$ consists of straight\nline segments and a semi-circle. If the length of Path $1$ is $x$, the length of Path $2$ is $y$,\nand the length of Path $3$ is $z$, which of the following is true','f5ba7477-7530-4ae1-a417-a5ac0603f283'),(43,'2023-01-01 00:14:18',NULL,'Trains arrive at Pascal Station every $x$ minutes, where x is a positive integer. Trains\narrive at Pascal Station at many different times, including at $10$:$10$ a.m., $10$:$55$ a.m.,\nand $11$:$58$ a.m. Which of the following is a possible value of $x$?',''),(44,'2023-01-01 00:39:20',NULL,' A group of friends are sharing a bag of candy.\nOn the first day, they eat $\\frac{1}{2}$\nof the candies in the bag.\nOn the second day, they eat $\\frac{2}{3}$\nof the remaining candies.\nOn the third day, they eat $\\frac{3}{4}$ of the remaining candies.\nOn the fourth day, they eat $\\frac{4}{5}$\nof the remaining candies.\nOn the fifth day, they eat $\\frac{5}{6}$\nof the remaining candies.\nAt the end of the fifth day, there is $1$ candy remaining in the bag.\nHow many candies were in the bag before the first day',''),(45,'2023-01-03 06:56:12',NULL,'Suppose that $R$, $S$, and $T$ are digits and $N$ is the four-digit positive integer $8RST$. That is, $N$ has thousands digit $8$, hundreds digit $R$, tens digits $S$, and ones (units) digit $T$, which means that $N = 8000 + 100R + 10S + T$. Suppose that the following conditions are all true:\n\n• The two-digit integer $8R$ is divisible by $3$.\\\n• The three-digit integer $8RS$ is divisible by $4$.\\\n• The four-digit integer $8RST$ is divisible by $5$.\\\n• The digits of $N$ are not necessarily all different.\n\nThe number of possible values for the integer $N$ is',''),(46,'2023-01-03 07:20:58',NULL,'Three cubes have edge lengths $3$ cm, $12$ cm, and $x$ cm. The average volume of the three cubes is $700 \\text{cm}^3$. The value of $x$, rounded to the nearest integer, is:',''),(47,'2023-01-04 01:55:33',NULL,'Azmi has four blocks, each in the shape of a rectangular prism and each with\ndimensions $2 × 3 × 6$. She carefully stacks these four blocks on a flat table to form a\ntower that is four blocks high. The number of possible heights for this tower is',''),(48,'2023-01-05 00:09:59',NULL,'Rectangle $W X Y Z$ has $WX = 4$, $WZ = 3$, and\n$ZV = 3$. The rectangle is curled without overlapping\ninto a cylinder so that sides $WZ$ and $XY$ touch each\nother. In other words, $W$ touches $X$ and $Z$ touches $Y$.\nThe shortest distance from $W$ to $V$ through the inside of\nthe cylinder can be written in the form $\\sqrt{\\frac{a + b\\pi^2}{c\\pi^2}}$\nwhere\n$a$, $b$ and $c$ are positive integers. The smallest possible\nvalue of $a$ + $b$ + $c$ is','013e929b-d3d8-4e4d-b4cc-7e3b9ce9361f');
/*!40000 ALTER TABLE `question` ENABLE KEYS */;
UNLOCK TABLES;

--
-- Table structure for table `question_details`
--

DROP TABLE IF EXISTS `question_details`;
/*!40101 SET @saved_cs_client     = @@character_set_client */;
/*!50503 SET character_set_client = utf8mb4 */;
CREATE TABLE `question_details` (
  `id` int NOT NULL AUTO_INCREMENT,
  `created_at` timestamp NOT NULL DEFAULT CURRENT_TIMESTAMP,
  `deleted_at` timestamp NULL DEFAULT NULL,
  `grade` int DEFAULT NULL,
  `part_type` char(1) DEFAULT NULL,
  `part_number` int DEFAULT NULL,
  `part_size` int DEFAULT NULL,
  `subject` char(100) DEFAULT NULL,
  `topic` char(100) DEFAULT NULL,
  `question_id` int DEFAULT NULL,
  PRIMARY KEY (`id`),
  UNIQUE KEY `question_id` (`question_id`),
  KEY `grade_part_type_index` (`grade`,`part_type`),
  CONSTRAINT `fk_details_question_id` FOREIGN KEY (`question_id`) REFERENCES `question` (`id`)
) ENGINE=InnoDB AUTO_INCREMENT=49 DEFAULT CHARSET=utf8mb4 COLLATE=utf8mb4_0900_ai_ci;
/*!40101 SET character_set_client = @saved_cs_client */;

--
-- Dumping data for table `question_details`
--

LOCK TABLES `question_details` WRITE;
/*!40000 ALTER TABLE `question_details` DISABLE KEYS */;
INSERT INTO `question_details` VALUES (1,'2022-12-18 19:55:09',NULL,9,'A',1,10,'','',1),(2,'2022-12-18 19:55:09',NULL,9,'A',2,10,'Graph','Bar Graph',2),(3,'2022-12-18 19:55:09',NULL,9,'A',3,10,'arithmetic','fraction',3),(4,'2022-12-18 19:55:09',NULL,9,'A',4,10,'number sense','number line',4),(5,'2022-12-18 19:55:09',NULL,9,'A',5,10,'ratios','ratios',5),(6,'2022-12-20 04:44:06',NULL,9,'A',6,10,'','',6),(7,'2022-12-20 04:46:15',NULL,9,'A',7,10,'algebra','',7),(8,'2022-12-20 04:49:18',NULL,9,'A',8,10,'probability','',8),(9,'2022-12-20 04:51:12',NULL,9,'A',9,10,'algebra','slope intercept',9),(10,'2022-12-25 20:08:07',NULL,10,'A',10,10,'Combinations','Graph',10),(11,'2022-12-30 04:46:40',NULL,9,'B',1,10,'Geometry','Perimeter',11),(12,'2022-12-30 04:56:51',NULL,9,'B',2,10,'Number Sense','',12),(13,'2022-12-30 05:03:26',NULL,9,'B',3,10,'Physics','',13),(14,'2022-12-30 05:12:21',NULL,9,'B',4,10,'Logic','',14),(15,'2022-12-30 05:17:02',NULL,9,'B',5,10,'Number Sense','Arithmetic',15),(16,'2022-12-30 05:30:18',NULL,9,'B',6,10,'Number Sense','Percentage',16),(17,'2022-12-30 05:39:44',NULL,9,'B',7,10,'Algebra','Equation',17),(18,'2022-12-30 05:52:40',NULL,9,'B',8,10,'Game Theory','',18),(19,'2022-12-30 06:06:37',NULL,9,'B',9,10,'Counting','',19),(20,'2022-12-30 06:23:36',NULL,9,'B',10,10,'','',20),(21,'2022-12-30 06:37:43',NULL,9,'C',1,5,'TODO','',21),(22,'2022-12-30 07:03:35',NULL,9,'C',2,10,'arithmetic','powers',22),(23,'2022-12-30 07:52:02',NULL,9,'C',3,5,'Geometry','',23),(24,'2022-12-30 08:02:17',NULL,9,'C',4,5,'Number Sense','',24),(25,'2022-12-30 08:11:12',NULL,9,'C',5,5,'Geometry','3D',25),(26,'2022-12-31 02:17:28',NULL,9,'A',1,10,'algebra','',26),(27,'2022-12-31 06:28:25',NULL,9,'A',2,10,'arithmetic','fractions',27),(28,'2022-12-31 06:32:59',NULL,9,'A',3,10,'Arithmetic','',28),(29,'2022-12-31 06:37:53',NULL,9,'A',4,10,'Geometry','',29),(30,'2022-12-31 06:43:14',NULL,9,'A',5,10,'Statistics','Averages',30),(31,'2022-12-31 06:50:21',NULL,9,'A',6,10,'Geometry','',31),(32,'2022-12-31 06:59:55',NULL,9,'A',7,10,'','Percentages',32),(33,'2022-12-31 07:04:24',NULL,9,'A',8,10,'Number Sense','',33),(34,'2022-12-31 07:09:29',NULL,9,'A',9,10,'Logic','',34),(35,'2022-12-31 07:15:12',NULL,9,'A',10,10,'Number Sense','',35),(36,'2022-12-31 07:26:35',NULL,9,'B',1,10,'Algebra','Powers',36),(37,'2022-12-31 07:35:01',NULL,9,'B',2,10,'Geometry','',37),(38,'2022-12-31 07:45:05',NULL,9,'B',3,10,'Algebra','',38),(39,'2022-12-31 07:54:52',NULL,9,'B',4,10,'Visualization?','',39),(40,'2022-12-31 22:41:47',NULL,9,'B',5,10,'probability','',40),(41,'2022-12-31 23:00:58',NULL,9,'B',6,10,'algebra','',41),(42,'2023-01-01 00:01:16',NULL,9,'B',7,10,'algebra','',42),(43,'2023-01-01 00:14:18',NULL,9,'B',8,10,'number sense/algebra','',43),(44,'2023-01-01 00:39:20',NULL,9,'B',9,10,'arithmetic','fractions',44),(45,'2023-01-03 06:56:12',NULL,9,'B',10,10,'Number Sense','',45),(46,'2023-01-03 07:20:58',NULL,9,'C',1,5,'3D Geometry','',46),(47,'2023-01-04 01:55:33',NULL,9,'C',2,5,'math','combinatorics',47),(48,'2023-01-05 00:09:59',NULL,9,'C',3,5,'math','3D geometry',48);
/*!40000 ALTER TABLE `question_details` ENABLE KEYS */;
UNLOCK TABLES;

--
-- Table structure for table `question_hints`
--

DROP TABLE IF EXISTS `question_hints`;
/*!40101 SET @saved_cs_client     = @@character_set_client */;
/*!50503 SET character_set_client = utf8mb4 */;
CREATE TABLE `question_hints` (
  `id` int NOT NULL AUTO_INCREMENT,
  `created_at` timestamp NOT NULL DEFAULT CURRENT_TIMESTAMP,
  `deleted_at` timestamp NULL DEFAULT NULL,
  `hint_one` varchar(100) DEFAULT NULL,
  `hint_two` varchar(100) DEFAULT NULL,
  `hint_three` varchar(100) DEFAULT NULL,
  `hint_four` varchar(100) DEFAULT NULL,
  `question_id` int DEFAULT NULL,
  PRIMARY KEY (`id`),
  UNIQUE KEY `question_id` (`question_id`),
  CONSTRAINT `fk_hints_question_id` FOREIGN KEY (`question_id`) REFERENCES `question` (`id`)
) ENGINE=InnoDB AUTO_INCREMENT=49 DEFAULT CHARSET=utf8mb4 COLLATE=utf8mb4_0900_ai_ci;
/*!40101 SET character_set_client = @saved_cs_client */;

--
-- Dumping data for table `question_hints`
--

LOCK TABLES `question_hints` WRITE;
/*!40000 ALTER TABLE `question_hints` DISABLE KEYS */;
INSERT INTO `question_hints` VALUES (1,'2022-12-18 19:55:09',NULL,'','','','',1),(2,'2022-12-18 19:55:09',NULL,'','','','',2),(3,'2022-12-18 19:55:09',NULL,'','','','',3),(4,'2022-12-18 19:55:09',NULL,'','','','',4),(5,'2022-12-18 19:55:09',NULL,'','','','',5),(6,'2022-12-20 04:44:06',NULL,'','','','',6),(7,'2022-12-20 04:46:15',NULL,'','','','',7),(8,'2022-12-20 04:49:18',NULL,'','','','',8),(9,'2022-12-20 04:51:13',NULL,'','','','',9),(10,'2022-12-25 20:08:07',NULL,'','','','',10),(11,'2022-12-30 04:46:40',NULL,'','','','',11),(12,'2022-12-30 04:56:51',NULL,'','','','',12),(13,'2022-12-30 05:03:26',NULL,'','','','',13),(14,'2022-12-30 05:12:21',NULL,'','','','',14),(15,'2022-12-30 05:17:02',NULL,'','','','',15),(16,'2022-12-30 05:30:18',NULL,'','','','',16),(17,'2022-12-30 05:39:44',NULL,'','','','',17),(18,'2022-12-30 05:52:40',NULL,'','','','',18),(19,'2022-12-30 06:06:37',NULL,'','','','',19),(20,'2022-12-30 06:23:36',NULL,'','','','',20),(21,'2022-12-30 06:37:43',NULL,'','','','',21),(22,'2022-12-30 07:03:35',NULL,'','','','',22),(23,'2022-12-30 07:52:02',NULL,'','','','',23),(24,'2022-12-30 08:02:17',NULL,'','','','',24),(25,'2022-12-30 08:11:12',NULL,'','','','',25),(26,'2022-12-31 02:17:28',NULL,'','','','',26),(27,'2022-12-31 06:28:25',NULL,'','','','',27),(28,'2022-12-31 06:32:59',NULL,'','','','',28),(29,'2022-12-31 06:37:53',NULL,'','','','',29),(30,'2022-12-31 06:43:14',NULL,'','','','',30),(31,'2022-12-31 06:50:21',NULL,'','','','',31),(32,'2022-12-31 06:59:55',NULL,'','','','',32),(33,'2022-12-31 07:04:24',NULL,'','','','',33),(34,'2022-12-31 07:09:29',NULL,'','','','',34),(35,'2022-12-31 07:15:12',NULL,'','','','',35),(36,'2022-12-31 07:26:35',NULL,'','','','',36),(37,'2022-12-31 07:35:01',NULL,'','','','',37),(38,'2022-12-31 07:45:05',NULL,'','','','',38),(39,'2022-12-31 07:54:52',NULL,'','','','',39),(40,'2022-12-31 22:41:47',NULL,'','','','',40),(41,'2022-12-31 23:00:58',NULL,'','','','',41),(42,'2023-01-01 00:01:16',NULL,'','','','',42),(43,'2023-01-01 00:14:18',NULL,'','','','',43),(44,'2023-01-01 00:39:20',NULL,'','','','',44),(45,'2023-01-03 06:56:12',NULL,'','','','',45),(46,'2023-01-03 07:20:58',NULL,'','','','',46),(47,'2023-01-04 01:55:33',NULL,'','','','',47),(48,'2023-01-05 00:09:59',NULL,'','','','',48);
/*!40000 ALTER TABLE `question_hints` ENABLE KEYS */;
UNLOCK TABLES;

--
-- Table structure for table `question_options`
--

DROP TABLE IF EXISTS `question_options`;
/*!40101 SET @saved_cs_client     = @@character_set_client */;
/*!50503 SET character_set_client = utf8mb4 */;
CREATE TABLE `question_options` (
  `id` int NOT NULL AUTO_INCREMENT,
  `created_at` timestamp NOT NULL DEFAULT CURRENT_TIMESTAMP,
  `deleted_at` timestamp NULL DEFAULT NULL,
  `option_a` varchar(100) DEFAULT NULL,
  `option_b` varchar(100) DEFAULT NULL,
  `option_c` varchar(100) DEFAULT NULL,
  `option_d` varchar(100) DEFAULT NULL,
  `option_e` varchar(100) DEFAULT NULL,
  `question_id` int DEFAULT NULL,
  PRIMARY KEY (`id`),
  UNIQUE KEY `question_id` (`question_id`),
  CONSTRAINT `fk_option_question_id` FOREIGN KEY (`question_id`) REFERENCES `question` (`id`)
) ENGINE=InnoDB AUTO_INCREMENT=49 DEFAULT CHARSET=utf8mb4 COLLATE=utf8mb4_0900_ai_ci;
/*!40101 SET character_set_client = @saved_cs_client */;

--
-- Dumping data for table `question_options`
--

LOCK TABLES `question_options` WRITE;
/*!40000 ALTER TABLE `question_options` DISABLE KEYS */;
INSERT INTO `question_options` VALUES (1,'2022-12-18 19:55:09',NULL,'$1$','$4$','$20$','$21$','$22$',1),(2,'2022-12-18 19:55:09',NULL,'$$\\$20$$','$$\\$18$$','$$\\$16$$','$$\\$14$$','$$\\$22$$',2),(3,'2022-12-18 19:55:09',NULL,'$\\frac{1}{4}$','$\\frac{1}{2}$','$0$','$4$','$2$',3),(4,'2022-12-18 19:55:09',NULL,'$-4$','$-3$','$0$','$3$','$4$',4),(5,'2022-12-18 19:55:09',NULL,'$7:12$','$10:17$','$1:1$','$5:12$','$7:17$',5),(6,'2022-12-20 04:44:06',NULL,'$6$','$4$','$5$','$7$','$2$',6),(7,'2022-12-20 04:46:15',NULL,'$8x$','$9x$','$12x$','$11x$','$10x$',7),(8,'2022-12-20 04:49:18',NULL,'$\\frac{1}{8}$','$\\frac{1}{4}$','$\\frac{3}{8}$','$\\frac{1}{2}$','$\\frac{3}{4}$',8),(9,'2022-12-20 04:51:12',NULL,'$\\frac{1}{2}$','$1$','$2$','$4$','$8$',9),(10,'2022-12-25 20:08:07',NULL,'$3$','$4$','$8$','$6$','$10$',10),(11,'2022-12-30 04:46:40',NULL,'$14$','$15$','$16$','$17$','$18$',11),(12,'2022-12-30 04:56:51',NULL,'$17$','$18$','$19$','$21$','$22$',12),(13,'2022-12-30 05:03:26',NULL,'$15$m','$30$m','$45$m','$60$m','$75$m',13),(14,'2022-12-30 05:12:21',NULL,'Andy','Bev','Cao','Dhruv','Elcim',14),(15,'2022-12-30 05:17:02',NULL,'$3$','$4$','$1$','$2$','$5$',15),(16,'2022-12-30 05:30:18',NULL,'$12$','$24$','$28$','$30$','$36$',16),(17,'2022-12-30 05:39:44',NULL,'$−30$','$−20$','$−10$','$0$','$5$',17),(18,'2022-12-30 05:52:40',NULL,'$2020$','$2028$','$2031$','$2027$','$2025$',18),(19,'2022-12-30 06:06:37',NULL,'$20$','$10$','$5$','$25$','$15$',19),(20,'2022-12-30 06:23:36',NULL,'$31$','$35$','$40$','$39$','$36$',20),(21,'2022-12-30 06:37:43',NULL,'$49$','$32$','$64$','$62$','$81$',21),(22,'2022-12-30 07:03:35',NULL,'$31$','$19$','$54$','$78$','$52$',22),(23,'2022-12-30 07:52:02',NULL,'$40◦$','$25◦$','$30◦$','$50◦$','$28.5◦$',23),(24,'2022-12-30 08:02:17',NULL,'$30$','$32$','$29$','$28$','$25$',24),(25,'2022-12-30 08:11:12',NULL,'$17$','$19$','$13$','$21$','$24$',25),(26,'2022-12-31 02:17:28',NULL,'$6$','$10$','$8$','$9$','$4$',26),(27,'2022-12-31 06:28:24',NULL,'$1$','$2$','$4$','$6$','$7$',27),(28,'2022-12-31 06:32:59',NULL,'$54.00','$56.25','$52.25','$51.00','$53.00',28),(29,'2022-12-31 06:37:53',NULL,'14','20','24','28','32',29),(30,'2022-12-31 06:43:14',NULL,' 63 seconds','1 minute','1.5 minutes','68 seconds','57 seconds',30),(31,'2022-12-31 06:50:21',NULL,'$50$','$20$','$38$','$35$','$26$',31),(32,'2022-12-31 06:59:55',NULL,'$610$','$510$','$650$','$505$','$550$',32),(33,'2022-12-31 07:04:24',NULL,'$17$','$19$','$21$','$23$','$25$',33),(34,'2022-12-31 07:09:29',NULL,'4 Squares','6 Triangles','4 Triangles','2 Squares','6 Squares',34),(35,'2022-12-31 07:15:12',NULL,'1','2','3','4','5',35),(36,'2022-12-31 07:26:35',NULL,'$36$','$72$','$3125$','$7776$','$46656$',36),(37,'2022-12-31 07:35:01',NULL,'$36◦$','$54◦$','$108◦$','$18◦$','$72◦$',37),(38,'2022-12-31 07:45:05',NULL,'$-1$','$-5$','$-3$','$-9$','$-7$',38),(39,'2022-12-31 07:54:52',NULL,'$16$','$20$','$29$','$24$','$25$',39),(40,'2022-12-31 22:41:47',NULL,'$13/25$','$17/25$','$11/25$','$21/25$','$3/5$',40),(41,'2022-12-31 23:00:58',NULL,'$12$','$30$','$60$','$480$','$1620$',41),(42,'2023-01-01 00:01:16',NULL,'$x < y$ and $y < z$','$x < z$ and $z < y$','$x = z$ and $z < y$','$z < x$ and $x < y$','$ y < z$ and $z = x$',42),(43,'2023-01-01 00:14:18',NULL,'$9$','$7$','$10$','$5$','$11$',43),(44,'2023-01-01 00:39:20',NULL,'$512$','$720$','$1024$','$1440$','$2048$',44),(45,'2023-01-03 06:56:12',NULL,'$8$','$16$','$12$','$10$','$14$',45),(46,'2023-01-03 07:20:58',NULL,'$6$','$10$','$8$','$9$','$7$',46),(47,'2023-01-04 01:55:33',NULL,'$13$','$14$','$15$','$16$','$17$',47),(48,'2023-01-05 00:09:59',NULL,'$12$','$26$','$18$','$19$','$36$',48);
/*!40000 ALTER TABLE `question_options` ENABLE KEYS */;
UNLOCK TABLES;

--
-- Table structure for table `question_solutions`
--

DROP TABLE IF EXISTS `question_solutions`;
/*!40101 SET @saved_cs_client     = @@character_set_client */;
/*!50503 SET character_set_client = utf8mb4 */;
CREATE TABLE `question_solutions` (
  `id` int NOT NULL AUTO_INCREMENT,
  `created_at` timestamp NOT NULL DEFAULT CURRENT_TIMESTAMP,
  `deleted_at` timestamp NULL DEFAULT NULL,
  `correct_solution` varchar(100) DEFAULT NULL,
  `diagram` char(255) DEFAULT NULL,
  `explanation` text,
  `question_id` int DEFAULT NULL,
  PRIMARY KEY (`id`),
  UNIQUE KEY `question_id` (`question_id`),
  CONSTRAINT `fk_solution_question_id` FOREIGN KEY (`question_id`) REFERENCES `question` (`id`)
) ENGINE=InnoDB AUTO_INCREMENT=49 DEFAULT CHARSET=utf8mb4 COLLATE=utf8mb4_0900_ai_ci;
/*!40101 SET character_set_client = @saved_cs_client */;

--
-- Dumping data for table `question_solutions`
--

LOCK TABLES `question_solutions` WRITE;
/*!40000 ALTER TABLE `question_solutions` DISABLE KEYS */;
INSERT INTO `question_solutions` VALUES (1,'2022-12-18 19:55:09',NULL,'$21$','','',1),(2,'2022-12-18 19:55:09',NULL,'$$\\$18$$','','From the graph, we see that Haofei donated \\$2, Mike donated \\$6, Pierre donated \\$2, and Ritika donated \\$8. In total, the four students donated \\$2 + \\$6 + \\$2 + \\$8 = \\$18',2),(3,'2022-12-18 19:55:09',NULL,'$2$','','In the given sum, each of the four fractions is equivalent to $\\frac{1}{2}$. Therefore, the given sum is equal to $$\\frac{1}{2} + \\frac{1}{2} + \\frac{1}{2} + \\frac{1}{2} = 2$$',3),(4,'2022-12-18 19:55:09',NULL,'$-3$','92f6f713-24c0-465e-9981-a2791a68d11e','On a number line, −3.4 is between −4 and −3.\nThis means that −3.4 is closer to −4 and −3 than to any of 0, 3 or 4, and so the answer must be −4 or −3.\nIf we start at −3 and move in the negative direction (that is, to the left), we reach −3.4 after moving 0.4 units.\nIt then takes an additional 0.6 units to move in the negative direction from −3.4 to −4. Therefore, −3.4 is closer to −3 than to −4, and so the answer is (B) or −3.\nAlternatively, when comparing −3, −4 and −3.4, we could note that −3.4 is between −3.5 and −3 and so is closer to −3:',4),(5,'2022-12-18 19:55:09',NULL,'$7:12$','',' From the diagram, $PR = 10−3 = 7$ and $QS = 17−5 = 12$ and so $PR:QS = 7:12$.',5),(6,'2022-12-20 04:44:06',NULL,'$5$','','Between them, Robyn and Sasha have $4 + 14 = 18$ tasks to do.\nIf each does the same number of tasks, each must do $18 ÷ 2 = 9$ tasks. This means that Robyn must do $9 − 4 = 5$ of Sasha’s tasks.',6),(7,'2022-12-20 04:46:15',NULL,'$10x$','f10eedad-0cd6-400b-887e-7e1f62f9b7e3','Because all of the angles in the figure are right angles, each line segment is either horizontal or vertical.\nThe height of the figure is $3x$ and the width of the figure is $2x$.\nThis means that the length of the unmarked vertical segment must equal $3x − x = 2x$.\nAlso, the length of the unmarked horizontal segment must equal $2x − x = x$.\nStarting in the top left corner and adding lengths in a clockwise direction, the perimeter is $x + 2x + x + x + 2x + 3x = 10x$.\n\nAlternatively, we can “complete the rectangle” by sliding the shortest horizontal side and the\nshortest vertical side as shown to form a rectangle with height $3x$ and width $2x$.\n\nThe perimeter of this rectangle is $2 × 2x + 2 × 3x = 10x$.',7),(8,'2022-12-20 04:49:18',NULL,'$\\frac{1}{2}$','','The total central angle in a circle is $360\\degree$. Since the Green section has an angle at the center of the circle of 90◦, this section corresponds \nto $\\frac{90\\degree}{360\\degree} = \\frac{1}{4} $ of the circle. This means that when the spinner is spun once, the probability that it lands on the Green\nsection is $\\frac{1}{4}$.\nSimilarly, the probability that the spinner lands on Blue is also $\\frac{1}{4}$.\nSince the spinner lands on one of the four colours, the probability that the spinner lands on either Red or Yellow is $1 − \\frac{1}{4} − \\frac{1}{4} = \\frac{1}{2}$.',8),(9,'2022-12-20 04:51:12',NULL,'$8$','','Since the line with equation $y = 2x + b$ passes through the point $(−4, 0)$, the coordinates of the point must satisfy the equation of the line.\nSubstituting $x = −4$ and $y = 0$ gives $0 = 2(−4) + b$ and so $0 = −8 + b$ which gives $b = 8$.\n',9),(10,'2022-12-25 20:08:07',NULL,'$8$','1d9d5209-8440-4f7b-b656-973f76cc5e46','We label Mathville as M, Algebratown as A, and the other intersection points of roads as shown. \n\nThere is 1 route from M to each of C and B: M → C and M → B. There are 3 routes to D: M → D and M → C → D and M → B → D. This means that there are 4 routes to F.\nSimilarly, there are 4 routes to E. \nFinally, there are 4 + 4 = 8 routes to A, since every route comes through either E or F, no route goes through both E and F, and there are 4 routes to each of E and F.\n\n',10),(11,'2022-12-30 04:46:40',NULL,'$16$','91cd26da-74d9-4739-884f-90c32a5ca2a1','Since the given grid is $6 × 6$, the size of each of the small squares is $1 × 1$. This means that $QR = PS = 3$.\nJoin $Q$ to $S$.\n\nSince $QS$ is vertical, and $QR$ and $PS$ are both horizontal, then $∠RQS = 90◦$ and $∠PSQ = 90◦$. We note further that $QS = 4$.\nSince $△RQS$ is right-angled at $Q$, by the Pythagorean Theorem:\n\n$RS^2 =QR^2 +QS^2 =32 +42 =25$\n\nSince $RS > 0$, then $RS = 5$.\nSimilarly, $PQ = 5$.\nThus, the perimeter of $PQRS$ is $PQ + QR + RS + PS = 5 + 3 + 5 + 3 = 16$',11),(12,'2022-12-30 04:56:51',NULL,'$19$','','The integers between $1$ and $100$ that have a ones digit equal to $6$ are $60, 61, 62, 63, 64, 65, 67, 68, 69$ of which there are $9$. (Note that $66$ was included in the first list and not in the second list since we are counting integers rather than a total number of $6$s).\nSince the digit $6$ must occur as either the ones digit or the tens digit, there are $10 + 9 = 19$ integers between $1$ and $100$ with at least $1$ digit equal to $6$',12),(13,'2022-12-30 05:03:26',NULL,'$60$m','','Suppose that Rosie runs $x$ meters from the time that they start running until the time that they meet.\nSince Mayar runs twice as fast as Rosie, then Mayar runs $2x$ meters in this time.\nWhen Mayar and Rosie meet, they will have run a total of $90$m, since, between the two of them, they have covered the full $90$m.\nTherefore, $2x + x = 90$ and so $3x = 90$ or $x = 30$.\nSince $2x = 60$, this means that Mayar has run $60$m when they meet.',13),(14,'2022-12-30 05:12:21',NULL,'Bev','','We use $A, B, C, D,$ and $E$ to represent Andy, Bev, Cao, Dhruv, and Elcim, respectively.\nWe use the notation $D > B$ to represent the fact “Dhruv is older than Bev”.\nThe five sentences give $D > B$ and $B > E$ and $A > E$ and $B > A$ and $C > B$. These show us that Dhruv and Cao are older than Bev, and Elcim and Andy are younger than Bev.\nThis means that two people are older than Bev and two people are younger than Bev, which means that Bev must be the third oldest.\n',14),(15,'2022-12-30 05:17:02',NULL,'$3$','','We note that all of the given possible sums are odd, and also that every prime number is odd with the exception of 2 (which is even).\nWhen two odd integers are added, their sum is even.\nWhen two even integers are added, their sum is even.\nWhen one even integer and one odd integer are added, their sum is odd.\nTherefore, if the sum of two integers is odd, it must be the sum of an even integer and an odd integer.\nSince the only even prime number is 2, then for an odd integer to be the sum of two prime numbers, it must be the sum of 2 and another prime number.\nNote that:\n$$\n19 = 2 + 17 \\\\\\ 21 = 2 + 19 \\\\\\ 23 = 2 + 21 \\\\\\25 = 2 + 23 \\\\\\27 = 2 + 25\n$$\nSince 17, 19 and 23 are prime numbers and 21 and 25 are not prime numbers, then 3 of the given integers are the sum of two prime numbers.',15),(16,'2022-12-30 05:30:18',NULL,'$28$','','TODO',16),(17,'2022-12-30 05:39:44',NULL,'$−10$','','Since $a+5=b$,then $a=b−5$.\nSubstituting $a = b − 5$ and $c = 5 + b$ into $b + c = a$, we obtain:\n\n$$\nb + (5 + b) = b − 5 \\\\\\\n2b + 5 = b − 5 \\\\\\\nb = −10\n$$\n',17),(18,'2022-12-30 05:52:40',NULL,'$2025$','5373306d-38b9-4b64-95cb-baa3b023068a','Starting with the balls in the order $1$ $2$ $3$ $4$ $5$, we make a table of the positions of the balls after each of the first $10$ steps (as shown in the diagram).\n\nAfter $10$ steps, the balls are in the same order as at the beginning. This means that after each successive set of $10$ steps, the balls will be returned to their original order.\nSince $2020$ is a multiple of $10$, then after $2020$ steps, the balls will be in their original order. Steps $2021$ through $2025$ will repeat the outcomes of steps $1$ through $5$ above, and so after $2025$ steps, the balls will be in the reverse of their original order.\nTherefore, $2025$ is a possible value of $N$. This argument can be adapted to check that none of $2028$, $2031$ and $2027$ are possible values of $N$.',18),(19,'2022-12-30 06:06:37',NULL,'$15$','','The six-digit integer that Miyuki sent included the digits $2022$ in that order along with two $3$s.\nIf the two $3$s were consecutive digits, there are $5$ possible integers:\n$$\n332022 \\\\\\ 233022 \\\\\\ 203322 \\\\\\ 202332 \\\\\\ 202233\n$$\nWe can think about the pair of $3$s being moved from left to right through the integer.\nIf the two $3$s are not consecutive digits, there are $10$ possible pairs of locations for the $3$s: $1$st/$3$rd, $1$st/$4$th, $1$st/$5$th, $1$st/$6$th, $2$nd/$4$th, $2$nd/$5$th, $2$nd/$6$th, $3$rd/$5$th, $3$rd/$6$th, $4$th/$6$th. These give the following integers:\n$$\n323022 \\\\\\ 320322 \\\\\\ 320232 \\\\\\ 320223 \\\\\\ 230322 \\\\\\ 230232 \\\\\\ 230223 \\\\\\ 203232 \\\\\\ 203223 \\\\\\ 202323\n$$\n(We can think about moving the leftmost $3$ from left to right through the integer and finding all of the possible locations for the second $3$.)\nIn total, there are thus $5 + 10 = 15$ possible six-digit integers that Miyuki could have texted.',19),(20,'2022-12-30 06:23:36',NULL,'$39$','','TODO',20),(21,'2022-12-30 06:37:43',NULL,'$64$','','A $10$ cm by $10$ cm board has $9$ rows of $9$ holes, or $9×9=81$ pegs in total.\nEach hole on the $2$ main diagonals has a peg in it.\nThere are $9$ holes on each diagonal, with the center hole on both diagonals, since there is an odd number of holes in each row.\nTherefore, the total number of holes on the two diagonals is $9 + 9 − 1 = 17$.\nThis means that the number of empty holes is $81 − 17 = 64$.\n',21),(22,'2022-12-30 07:03:35',NULL,'$52$','','We start by looking for patterns in the rightmost two digits of powers of $4$, powers of $5$, and powers of $7$.\nThe first few powers of $5$ are:\n\n$$\n5^1 =5 \\\\\\ 5^{2} =25 \\\\\\ 5^3 =125 \\\\\\ 5^4 =625 \\\\\\ 5^5 =3125\n$$\nIt appears that starting with $5^{2}$, the rightmost two digits of powers of $5$ are always $25$.\nTo see this, we want to understand why if the rightmost two digits of a power of $5$ are $25$, then the rightmost two digits of the next power of $5$ are also $25$.\nThe rightmost two digits of a power of $5$ are completely determined by the rightmost two digits of the previous power since, in the process of multiplication, any digits before the rightmost two digits do not affect the rightmost two digits of the product.\nThis means that the rightmost two digits of every power of $5$ starting with $5^2$ are $25$, which means that the rightmost two digits of $5^129$ are $25$.\nThe first few powers of $4$ are:\n$$\n4^1 =4 \\\\\\ 4^2 =16 \\\\\\ 4^3 =64 \\\\\\ 4^4 =256 \\\\\\ 4^5 =1024 \\\\\\ 4^6 =4096 \\\\\\ 4^7 =16384 \\\\\\\n4^8 = 65536 \\\\\\ 4^9 = 262144 \\\\\\ 4^{10} = 1048576 \\\\\\ 4^{11} = 4194304 \\\\\\ 4^{12} = 16777216\n\n$$\nWe note that the rightmost two digits repeat after $10$ powers of $4$. This means that the rightmost two digits of powers of $4$ repeat in a cycle of length $10$.\nSince $120$ is a multiple of $10$ and $127$ is $7$ more than a multiple of $10$, the rightmost two digits\n of $4^{127}$ are the same as the rightmost two digits of $4^7$, which are $84$. The first few powers of $7$ are\n\n$$\n7^1 =7 \\\\\\ 7^2 =49 \\\\\\ 7^3 =343 \\\\\\ 7^4 =2401 \\\\\\ 7^5 =16807 \\\\\\ 7^6 =117649\n$$\nWe note that the rightmost two digits repeat after $4$ powers of $7$. This means that the rightmost two digits of powers of $7$ repeat in a cycle of length $4$. Since $128$ is a multiple of $4$ and $131$ is $3$ more than a multiple of $4$, the rightmost two digits of $7^131$ are the same as the rightmost two digits of $7^3$, which are $43$. \n\nTherefore, the rightmost two digits of $4^{127} + 5^{129} + 7^{131}$ are the rightmost two digits of the sum $84 + 25 + 43 = 152$, or $52$. (This is because when we add integers with more than two digits, any digits to the left of the rightmost two digits do not affect the rightmost two digits of the sum.)\n',22),(23,'2022-12-30 07:52:02',NULL,'$40◦$','db764af5-c101-4f97-bbae-bd6b60e3b472','Since the shaded regions are equal in area, then when the unshaded sector in the small circle is shaded, the area of the now fully shaded sector of the larger circle must be equal to the area of the smaller circle. The smaller circle has a radius of $1$ and so it has area $π × 12 = π$.\nThe larger circle has a radius of $3$ and so it has area $π × 32 = 9π$.\nThis means that the area of the shaded sector in the larger circle is $π$, which means that it must be $19$ of the larger circle.\nThis means that $∠POQ$ must be $\\frac{1}{9}$ of a complete circular angle, and so $∠P OQ = \\frac{1}{9} ×360◦ = 40◦$. Thus, x = 40.',23),(24,'2022-12-30 08:02:17',NULL,'$30$','','TODO',24),(25,'2022-12-30 08:11:12',NULL,'$19$','','TODO',25),(26,'2022-12-31 02:17:28',NULL,'$9$','','Since $Q$ is between $P$ and $R$, then $PQ + QR = PR$.\nSince $PR = 12$ and $PQ = 3$, then $QR = PR − PQ = 12 − 3 = 9$.',26),(27,'2022-12-31 06:28:25',NULL,'$4$','','Duh',27),(28,'2022-12-31 06:32:59',NULL,'$53.00','','Elena works for 4 hours and earns \\$13.25 per hour.\nThis means that she earns a total of 4 × \\$13.25 = \\$53.00.',28),(29,'2022-12-31 06:37:53',NULL,'28','','The perimeter of each of the squares of side length 1 is 4 × 1 = 4. The 7 squares in the diagram don\'t overlap so the entire figure is 7 × 4 = 28.',29),(30,'2022-12-31 06:43:14',NULL,' 63 seconds','','Since there are $60$ seconds in $1$ minute, the number of seconds in $1.5$ minutes is $1.5 × 60 = 90$. Thus, Wesley’s times were $63$ seconds, $60$ seconds, $90$ seconds, $68$ seconds, and $57$ seconds. When these times in seconds are arranged in increasing order, we obtain $57, 60, 63, 68, 90$. Thus, the median time is $63$ seconds.',30),(31,'2022-12-31 06:50:21',NULL,'$50$','','The area of the original rectangle is $13 × 10 = 130$.\nWhen the dimensions of the original rectangle are each increased by $2$, we obtain a rectangle that is $15$ by $12$.\nThe area of the new rectangle is $15 × 12 = 180$, and so the area increased by $180 − 130 = 50$.',31),(32,'2022-12-31 06:59:55',NULL,'$550$','','$110\\%$ of $500$ is equal to $\\frac{110}{100} \\times 500 = 110 \\times 5 = 550$',32),(33,'2022-12-31 07:04:24',NULL,'$19$','','We undo each of the operations in reverse order.\nThe final result, $85$, was obtained by multiplying a number by $5$. This number was $85÷5 = 17$. The number $17$ was obtained by decreasing $n$ by $2$. Thus, $n = 17 + 2 = 19$.',33),(34,'2022-12-31 07:09:29',NULL,'6 Squares','','Because 2 circles balance 1 triangle and 1 triangle balance 3 squares, then 2 circles balance 3 squares. Because 2 circles balance 3 squares, then 2 + 2 = 4 circles balance 3 + 3 = 6 squares.\n',34),(35,'2022-12-31 07:15:12',NULL,'3','','\n10. The integers that are multiples of both 5 and 7 are the integers that are multiples of 35.\nThe smallest multiple of 35 greater than 100 is 3 × 35 = 105. (The previous multiple of 35 is 2 × 35 = 70.)\nStarting at 105 and counting by 35s, we obtain:\n$$\n105, 140, 175, 210, 245, 280, 315\n$$\nThe integers in this list that are between 100 and 300 and are not multiples of 10 (that is,\nwhose units digit is not 0) are 105, 175, 245, of which there are 3.',35),(36,'2022-12-31 07:26:35',NULL,'$72$','','$2∇3=2^3×3^2 =8×9=72$',36),(37,'2022-12-31 07:35:01',NULL,'$72◦$','','Since $△PQR$ is right-angled at $Q$, then $∠PRQ = 90◦ − ∠QPR = 90◦ − 54◦ = 36◦$.\nSince $∠PRS = ∠QRS$, then $∠QRS = 12-∠PRQ = 12(36◦) = 18◦$.\nSince $△RQS$ is right-angled at $Q$, then $∠RSQ = 90◦ - ∠QRS = 90◦ − 18◦ = 72◦$.',37),(38,'2022-12-31 07:45:05',NULL,'$-5$','','Since $m+1=\\frac{n−2}{3}$, then $3(m+1)=n−2$. This means that $3m + 3 = n − 2$ and so $3m − n = −2 − 3 = −5$.',38),(39,'2022-12-31 07:54:52',NULL,'$16$','','Starting at $38$, the robot moves $2$ squares forward to $36$, then rotates $90◦$ clockwise to face $29$ and then moves to $29$.\nStarting at $29$, the robot moves $2$ squares forward to $15$, then rotates $90◦$ clockwise to face $16$ and then moves to $16$.',39),(40,'2022-12-31 22:41:47',NULL,'$3/5$','f9c64deb-d70e-4c00-8ddd-afc5d9578f9a','There are $25$ possible locations for the disc to be placed.\nIn the diagram below, each of these locations is marked with a small black disc if it is touching\n$2$ shaded and unshaded squares (an equal number) and a small white disc if it is touching\ndifferent numbers of shaded and unshaded squares.\nTherefore, there are $15$ locations where the disc is touching an equal number of shaded and\nunshaded squares.\nThis means that the desired probability is $15/25$ , which equals $3/5$.',40),(41,'2022-12-31 23:00:58',NULL,'$60$','','Perfect cubes have the property that the number of times that each prime factor occurs is a\nmultiple of $3$. This is because its prime factors can be separated into three identical groups;\n in this case, the product of each group is the cube root of the original number.\nIn particular, if $n^3 = 2^4 × 3^2 × 5^5 × k$ where $n$ is an integer, then the number of times that the\nprime factors $2$, $3$ and $5$ occur in the integer $n^3$ must be multiples of $3$.\nSince $n^3$ already includes $4$ factors of $2$, then $k$ must include at least $2$ additional factors of\n$2$, so that $n^3$ has a factor of $26$. \n\n($k$ could also include more factors of $2$, as long as the total\nnumber of factors of $2$ is a multiple of $3$.)\nSince $n^3$ already includes $2$ factors of $3$, then $k$ must include at least $1$ additional factor of $3$.\nSince $n^3$ already includes $5$ factors of $5$, then $k$ must include at least $1$ additional factor of $5$.\nTherefore, $k$ includes at least $2$ factors of $2$, at least $1$ factor of $3$, and at least $1$ factor of $5$.\nThis means that the smallest possible value of $k$ is $22 × 3 × 5 = 60$. In principle, $k$ could also\ninclude other prime factors, but to make $k$ as small as possible, we do not need to consider this\nfurther.',41),(42,'2023-01-01 00:01:16',NULL,'$x = z$ and $z < y$','','to do ',42),(43,'2023-01-01 00:14:18',NULL,'$9$','','The length of time between $10$:$10$ a.m. and $10$:$55$ a.m. is $45$ minutes.\nThe length of time between $10$:$55$ a.m. and $11$:$58$ a.m. is $1$ hour and $3$ minutes, or $63$ minutes.\nSince trains arrive at each of these times and we are told that trains arrive every x minutes,\nthen both $45$ and $63$ must be multiples of $x$. (In other words, if we count forward repeatedly\nby $x$ minutes starting at $10$:$10$ a.m., we will eventually count $10$:$55$ a.m. and then eventually\ncount $11$:$58$ a.m.)\nOf the given choices ($9$, $7$, $5$, $10$, $11$), only $9$ is a factor of each of $45$ and $63$.',43),(44,'2023-01-01 00:39:20',NULL,'$720$','','We work backwards through the given information.\nAt the end, there is $1$ candy remaining.\nSince $\\frac{5}{6}$\nof the candies are removed on the fifth day, this $1$ candy represents $\\frac{1}{6}$\nof the candies\nleft at the end of the fourth day.\nThus, there were $6 × 1 = 6$ candies left at the end of the fourth day.\nSince $\\frac{4}{5}$\nof the candies are removed on the fourth day, these $6$ candies represent $\\frac{1}{5}$\nof the candies\nleft at the end of the third day.\nThus, there were $5 × 6 = 30$ candies left at the end of the third day.\nSince $\\frac{3}{4}$\nof the candies are removed on the third day, these $30$ candies represent $\\frac{1}{4}$\nof the candies\nleft at the end of the second day.\nThus, there were $4 × 30 = 120$ candies left at the end of the second day.\nSince $\\frac{2}{3}$\nof the candies are removed on the second day, these $120$ candies represent $\\frac{1}{3}$\nof the\ncandies left at the end of the first day.\nThus, there were $3 × 120 = 360$ candies left at the end of the first day.\nSince $\\frac{1}{2}$\nof the candies are removed on the first day, these $360$ candies represent $\\frac{1}{2}$\nof the candies\ninitially in the bag.\nThus, there were $2 × 360 = 720$ in the bag at the beginning.',44),(45,'2023-01-03 06:56:12',NULL,'$14$','70f14051-f77c-45f5-8328-7826a87028c9','We make a chart of the possible integers, building their digits from left to right. In each case, we could determine the required divisibility by actually performing the division, or by using the following tests for divisibility:\n\n• An integer is divisible by $3$ when the sum of its digits is divisible by $3$.\\\n• An integer is divisible by $4$ when the two-digit integer formed by its tens and units digits is divisible by $4$.\\\n• An integer is divisible by $5$ when its units digit is $0$ or $5$.\n\n<insert diagram> \n\nIn the first column, we note that the integers between $80$ and $89$ that are multiples of $3$ are $81$, $84$, and $87$. In the second column, we look for the multiple of $4$ between $810$ and $819$, $840$ and $849$, and $870$ and $879$. In the third column, we add unit digits of $0$ or $5$.\nThis analysis shows that there are $14$ possible values of $N$.\n',45),(46,'2023-01-03 07:20:58',NULL,'$7$','','Since the average volume of three cubes is $700 \\text{cm}^3$, their total volume is $3 × 700 \\text{cm}^3$ or $2100 \\text{cm}^3$.\nThe volume of a cube with edge length $s$ cm is $s^3$ cm$^3$.\nTherefore, $33 +123 +x^3 =2100$ and so $27+1728+x^3 =2100$ or $x^3 =345$. Since $x^3 = 345$, then $x ≈ 7.01$, which is closest to $7$.',46),(47,'2023-01-04 01:55:33',NULL,'$14$','','The height of each block is $2$, $3$ or $6$.\nThus, the total height of the tower of four blocks is the sum of the four heights, each of which\nequals $2$, $3$ or $6$.\nIf $4$ blocks have height $6$, the total height equals $4 × 6 = 24$.\nIf $3$ blocks have height $6$, the fourth block has height $3$ or $2$.\nTherefore, the possible heights are $3 × 6 + 3 = 21$ and $3 × 6 + 2 = 20$.\nIf $2$ blocks have height $6$, the third and fourth blocks have height $3$ or $2$.\nTherefore, the possible heights are $2 × 6 + 3 + 3 = 18$ and $2 × 6 + 3 + 2 = 17$ and $2 × 6 + 2 + 2 = 16$.\nIf $1$ block has height $6$, the second, third and fourth blocks have height $3$ or $2$.\nTherefore, the possible heights are $6 + 3 + 3 + 3 = 15$ and $6 + 3 + 3 + 2 = 14$ and $6 + 3 + 2 + 2 = 13$\nand $6 + 2 + 2 + 2 = 12$.\nIf no blocks have height $6$, the possible heights are $3 + 3 + 3 + 3 = 12$ and $3 + 3 + 3 + 2 = 11$\nand $3 + 3 + 2 + 2 = 10$ and $3 + 2 + 2 + 2 = 9$ and $2 + 2 + 2 + 2 = 8$.\nThe possible heights are thus $24$, $21$, $20$, $18$, $17$, $16$, $15$, $14$, $13$, $12$, $11$, $10$, $9$, $8$.\nThere are $14$ possible heights.',47),(48,'2023-01-05 00:09:59',NULL,'$18$','','to do',48);
/*!40000 ALTER TABLE `question_solutions` ENABLE KEYS */;
UNLOCK TABLES;
/*!40103 SET TIME_ZONE=@OLD_TIME_ZONE */;

/*!40101 SET SQL_MODE=@OLD_SQL_MODE */;
/*!40014 SET FOREIGN_KEY_CHECKS=@OLD_FOREIGN_KEY_CHECKS */;
/*!40014 SET UNIQUE_CHECKS=@OLD_UNIQUE_CHECKS */;
/*!40101 SET CHARACTER_SET_CLIENT=@OLD_CHARACTER_SET_CLIENT */;
/*!40101 SET CHARACTER_SET_RESULTS=@OLD_CHARACTER_SET_RESULTS */;
/*!40101 SET COLLATION_CONNECTION=@OLD_COLLATION_CONNECTION */;
/*!40111 SET SQL_NOTES=@OLD_SQL_NOTES */;

-- Dump completed on 2023-01-04 22:06:31
